Manufacturer,Model,Year,Registration Status,Price,Mileage,Keys,Damage description,Transmission,Seats,Fuel Type,Link
Toyota,Aqua,2013,No,$0,"121,380",," Left Rear Damage, Rear Damage, Structural Damage, Selling De-Registered","Automatic,",5,Hybrid,https://manheim.co.nz/damaged-vehicles/000000000007430080/2013-toyota-aqua-hatch?referringPage=SearchResults
Suzuki,Swift,2020,No,$0,N/A,," Front Damage, Airbags Deployed, Structural Damage, Selling De-Registered",N/A,5,Petrol,https://manheim.co.nz/damaged-vehicles/000000000007430096/2020-suzuki-swift-glc-1-2p-cvt-hatch?referringPage=SearchResults
Volkswagen,Golf,2013,No,$0,N/A,," Right Rear Damage, Structural Damage, Suspension Damage, Selling De-Registered",N/A,N/A,Petrol,https://manheim.co.nz/damaged-vehicles/000000000007440262/2013-volkswagen-golf-hatch?referringPage=SearchResults
Suzuki,UK,2018,Yes,$0,"13,975",," Left Side Damage, Selling Registered","Automatic,",N/A,Petrol,https://manheim.co.nz/damaged-vehicles/000000000007440312/2018-suzuki-uk-110ne-address-scooter?referringPage=SearchResults
Vespa,Primavera,2018,No,$0,"8,400",, Selling De-Registered,"Automatic,",N/A,Petrol,https://manheim.co.nz/damaged-vehicles/000000000007430526/2018-vespa-primavera-150-iget-scooter?referringPage=SearchResults
Honda,Jazz,2006,Yes,$0,"160,866",," Right Side Damage, Selling Registered","Automatic,",5,Petrol,https://manheim.co.nz/damaged-vehicles/000000000007440587/2006-honda-jazz-hatch?referringPage=SearchResults
Kawasaki,VN,2021,No,$0,"1,732",," Structural Damage, Selling De-Registered",N/A,N/A,Petrol,https://manheim.co.nz/damaged-vehicles/000000000007440638/2021-kawasaki-vn-900c-motorcycle?referringPage=SearchResults
TRAYLA,Tandem,2018,No,$600,N/A,0," Front Damage, Rolled, Structural Damage, Selling De-Registered",N/A,N/A,N/A,https://manheim.co.nz/damaged-vehicles/000000000007440664/2018-trayla-tandem-trailer?referringPage=SearchResults
Honda,CBR,2021,No,"$1,000",1,," Front Fork Damaged, Structural Damage, Selling De-Registered","Automatic,",N/A,Petrol,https://manheim.co.nz/damaged-vehicles/000000000007390754/2021-honda-cbr-650-p-motorcycle?referringPage=SearchResults
Toyota,Passo,2008,No,$0,N/A,," Left Rear Damage, Rear Damage, Right Rear Damage, Structural Damage, Selling De-Registered","Automatic,",5,Petrol,https://manheim.co.nz/damaged-vehicles/000000000007440849/2008-toyota-passo-hatch?referringPage=SearchResults
Ford,Falcon,2009,No,$0,"64,563",, Selling De-Registered,"Automatic,",5,Petrol,https://manheim.co.nz/damaged-vehicles/000000000007440879/2009-ford-falcon-fg-xr6-sedan-a-sedan?referringPage=SearchResults
Nissan,Tiida,2004,Yes,$0,"151,559",," Ignition Damage, Left Rear Damage, Rear Damage, Right Rear Damage, Vandalised - Interior, Stolen & Recovered, Selling Registered","Automatic,",5,Petrol,https://manheim.co.nz/damaged-vehicles/000000000007440938/2004-nissan-tiida-sedan?referringPage=SearchResults
Toyota,Camry,2013,No,$0,N/A,," Left Side Damage, Rear Damage, Structural Damage, Selling De-Registered","Automatic,",5,Petrol,https://manheim.co.nz/damaged-vehicles/000000000007420974/2013-toyota-camry-gl-2-5p-sdn-6a-sedan?referringPage=SearchResults
BMW,325i,2009,No,$0,"151,508",," Right Side Damage, Structural Damage, Selling De-Registered",N/A,5,Petrol,https://manheim.co.nz/damaged-vehicles/000000000007441041/2009-bmw-325i-sedan?referringPage=SearchResults
Mazda,Bongo,2013,No,$0,"230,414",," Structural Damage, Stolen & Recovered, Selling De-Registered","Automatic,",5,Petrol,https://manheim.co.nz/damaged-vehicles/000000000007441099/2013-mazda-bongo-van?referringPage=SearchResults
Toyota,Aqua,2013,No,$0,"55,105",," Left Front Damage, Right Front Damage, Right Rear Damage, Structural Damage, Selling De-Registered","Automatic,",5,Hybrid,https://manheim.co.nz/damaged-vehicles/000000000007441148/2013-toyota-aqua-hatch?referringPage=SearchResults
Toyota,Corolla,2006,Yes,$0,"137,325",," Glass Broken, Ignition Damage, Left Rear Damage, Stolen & Recovered, Selling Registered","4spd Automatic,",5,Petrol,https://manheim.co.nz/damaged-vehicles/000000000007441204/2006-toyota-corolla-1-8p-gl-hatch5-4a-hatch?referringPage=SearchResults
Toyota,Vitz,2007,Yes,$0,"127,386",," Ignition Damage, Dismantled - Interior, Stolen & Recovered, Selling Registered","Automatic,",5,Petrol,https://manheim.co.nz/damaged-vehicles/000000000007441232/2007-toyota-vitz-rs-hatch?referringPage=SearchResults
Suzuki,Swift,2014,No,$0,N/A,," Right Front Damage, Airbags Deployed, Structural Damage, Selling De-Registered","Automatic,",5,Petrol,https://manheim.co.nz/damaged-vehicles/000000000007371309/2014-suzuki-swift-hatch?referringPage=SearchResults
Yamaha,MT03LA,2019,No,$200,1,," Structural Damage, Selling De-Registered",N/A,N/A,Petrol,https://manheim.co.nz/damaged-vehicles/000000000007401316/2019-yamaha-mt03la-k-motorcycle?referringPage=SearchResults
Mercedes-Benz,A180,2013,No,$0,"131,429",," Front Damage, Glass Broken, Right Front Damage, Structural Damage, Selling De-Registered","Automatic,",5,Petrol,https://manheim.co.nz/damaged-vehicles/000000000007441439/2013-mercedes-benz-a180-hatch?referringPage=SearchResults
Toyota,Corolla,2015,No,$0,N/A,," Left Side Damage, Structural Damage, Selling De-Registered",N/A,5,Hybrid,https://manheim.co.nz/damaged-vehicles/000000000007431457/2015-toyota-corolla-fielder-hybrid-station-wagon?referringPage=SearchResults
Kawasaki,KLX,2018,No,$0,N/A,," Interior Damage, Ignition Damage, Tank Damage, Structural Damage, Selling De-Registered",N/A,N/A,Petrol,https://manheim.co.nz/damaged-vehicles/000000000007421512/2018-kawasaki-klx-250s-motorcycle?referringPage=SearchResults
Mazda,MAZDA6,2013,Yes,$0,"272,901",," Front Damage, Rear Damage, Right Front Damage, Stolen & Recovered, Selling Registered","Automatic,",5,Petrol,https://manheim.co.nz/damaged-vehicles/000000000007441555/2013-mazda-mazda6-sdn-gsx-2-5-6at-ptr-sedan?referringPage=SearchResults
Nissan,Serena,2012,No,$0,"127,082",," Front Damage, Left Front Damage, Right Front Damage, Structural Damage, Selling De-Registered","Automatic,",8,Hybrid,https://manheim.co.nz/damaged-vehicles/000000000007441572/2012-nissan-serena-station-wagon?referringPage=SearchResults
Subaru,XV,2016,No,$0,N/A,," Front Damage, Rear Damage, Structural Damage, Selling De-Registered","Automatic,",5,Petrol,https://manheim.co.nz/damaged-vehicles/000000000007431587/2016-subaru-xv-hatch?referringPage=SearchResults
Nissan,Wingroad,2006,No,$0,"179,102",," Left Front Damage, Left Side Damage, Structural Damage, Suspension Damage, Selling De-Registered",N/A,5,Petrol,https://manheim.co.nz/damaged-vehicles/000000000007431619/2006-nissan-wingroad-station-wagon?referringPage=SearchResults
Toyota,Aqua,2013,No,$0,N/A,," Front Damage, Glass Broken, Left Front Damage, Structural Damage, Suspension Damage, Selling De-Registered","CVT,",5,Hybrid,https://manheim.co.nz/damaged-vehicles/000000000007441617/2013-toyota-aqua-hybrid-hatch?referringPage=SearchResults
Toyota,Prius,2016,No,N/A,N/A,," Chassis Damage, Front Damage, Right Front Damage, Structural Damage, Selling De-Registered","Automatic,",5,Petrol,https://manheim.co.nz/damaged-vehicles/000000000007441819/2016-toyota-prius-hatch?referringPage=SearchResults
Ford,Ranger,2017,No,N/A,"408,916",," Front Damage, Left Front Damage, Left Rear Damage, Rear Damage, Right Front Damage, Structural Damage, Selling De-Registered","6spd Automatic,",5,Diesel,https://manheim.co.nz/damaged-vehicles/000000000007441853/2017-ford-ranger-xlt-double-cab-w-sa-dual-cab-utility?referringPage=SearchResults
Mazda,Axela,2005,No,$0,"222,336",," Front Damage, Structural Damage, Selling De-Registered","Automatic,",5,Petrol,https://manheim.co.nz/damaged-vehicles/000000000007441888/2005-mazda-axela-sedan?referringPage=SearchResults
Nissan,Maxima,2000,No,$0,"278,011",," Front Damage, Left Side Damage, Right Front Damage, Selling De-Registered","Automatic,",5,Petrol,https://manheim.co.nz/damaged-vehicles/000000000007441944/2000-nissan-maxima-sedan?referringPage=SearchResults
Mazda,626,1996,Yes,$0,"322,344",," Glass Broken, Ignition Damage, Left Front Damage, Left Rear Damage, Vandalised - Interior, Stolen & Recovered, Selling Registered","Automatic,",5,Petrol,https://manheim.co.nz/damaged-vehicles/000000000007422018/1996-mazda-626-sedan-glx-2-0-m5-sedan?referringPage=SearchResults
Mazda,Demio,2006,Yes,$0,"111,576",," Glass Broken, Left Rear Damage, Right Side Damage, Stolen & Recovered, Selling Registered","Automatic,",5,Petrol,https://manheim.co.nz/damaged-vehicles/000000000007442125/2006-mazda-demio-hatch?referringPage=SearchResults
Toyota,Aqua,2012,No,$0,N/A,," Stolen & Recovered, Suspension Damage, Selling De-Registered",N/A,5,Hybrid,https://manheim.co.nz/damaged-vehicles/000000000007442227/2012-toyota-aqua-hybrid-hatch?referringPage=SearchResults
Ford,Mondeo,2002,No,$0,N/A,," Left Front Damage, Left Rear Damage, Right Front Damage, Right Rear Damage, Dismantled - Interior, Selling De-Registered","5spd Manual,",5,Petrol,https://manheim.co.nz/damaged-vehicles/000000000007442234/2002-ford-mondeo-2-0-sedan-man-sedan?referringPage=SearchResults
Honda,Crossroad,2007,No,$0,N/A,," Right Front Damage, Right Side Damage, Airbags Deployed, Structural Damage, Selling De-Registered","Automatic,",7,Petrol,https://manheim.co.nz/damaged-vehicles/000000000007442281/2007-honda-crossroad-station-wagon?referringPage=SearchResults
Subaru,Impreza,2002,Yes,$0,N/A,," Ignition Damage, Left Front Damage, Right Front Damage, Right Side Damage, Vandalised - Interior, Stolen & Recovered, Selling Registered","Automatic,",5,Petrol,https://manheim.co.nz/damaged-vehicles/000000000007442341/2002-subaru-impreza-station-wagon?referringPage=SearchResults
Toyota,Wish,2009,No,$0,"173,389",," Front Damage, Rear Damage, Structural Damage, Selling De-Registered","Automatic,",7,Petrol,https://manheim.co.nz/damaged-vehicles/000000000007442364/2009-toyota-wish-station-wagon?referringPage=SearchResults
Jaguar,XF,2011,No,$0,N/A,," Rear Damage, Structural Damage, Selling De-Registered","Automatic,",5,Diesel,https://manheim.co.nz/damaged-vehicles/000000000007442369/2011-jaguar-xf-v6-4dr-sedan?referringPage=SearchResults
Volkswagen,Polo,2007,No,$0,N/A,," Left Rear Damage, Structural Damage, Selling De-Registered","4spd Automatic,",5,Petrol,https://manheim.co.nz/damaged-vehicles/000000000007442377/2007-volkswagen-polo-hatch?referringPage=SearchResults
Mazda,MAZDA2,2017,No,$0,N/A,," Front Damage, Left Front Damage, Roof Damage, Right Front Damage, Structural Damage, Selling De-Registered","Automatic,",5,Petrol,https://manheim.co.nz/damaged-vehicles/000000000007442388/2017-mazda-mazda2-gsx-1-5p-6at-hatch?referringPage=SearchResults
Subaru,Impreza,2005,Yes,$0,N/A,," Rear Damage, Right Rear Damage, Right Side Damage, Vandalised - Interior, Stolen & Recovered, Selling Registered","Automatic,",5,Petrol,https://manheim.co.nz/damaged-vehicles/000000000007442495/2005-subaru-impreza-hatch?referringPage=SearchResults
Peugeot,208,2012,Yes,$0,"104,666",," Left Side Damage, Selling Registered",N/A,5,Petrol,https://manheim.co.nz/damaged-vehicles/000000000007442496/2012-peugeot-208-allure-5-dr-hatch?referringPage=SearchResults
BMW,328i,2012,No,$0,"165,164",," Front Damage, Left Front Damage, Right Front Damage, Right Rear Damage, Right Side Damage, Structural Damage, Selling De-Registered","Automatic,",5,Petrol,https://manheim.co.nz/damaged-vehicles/000000000007442499/2012-bmw-328i-sedan-4dr-8a-2-0l-sedan?referringPage=SearchResults
Suzuki,Swift,2014,No,$0,N/A,," Rear Damage, Structural Damage, Selling De-Registered",N/A,5,Petrol,https://manheim.co.nz/damaged-vehicles/000000000007442500/2014-suzuki-swift-rs-hatch?referringPage=SearchResults
Nissan,Bluebird,2006,No,$0,"200,040",," Front Damage, Left Front Damage, Left Rear Damage, Rear Damage, Right Rear Damage, Vandalised - Interior, Structural Damage, Stolen & Recovered, Selling De-Registered","Automatic,",5,Petrol,https://manheim.co.nz/damaged-vehicles/000000000007442532/2006-nissan-bluebird-sylphy-sedan?referringPage=SearchResults
Suzuki,Escudo,2007,No,$0,"203,928",," Front Damage, Left Front Damage, Right Side Damage, Suspension Damage, Under Body Damage, Selling De-Registered","5spd Automatic,",5,Petrol,https://manheim.co.nz/damaged-vehicles/000000000007442533/2007-suzuki-escudo-station-wagon?referringPage=SearchResults
Toyota,RAV4,2002,No,$0,"201,014",," Front Damage, Left Front Damage, Right Front Damage, Structural Damage, Selling De-Registered","5spd Manual,",5,Petrol,https://manheim.co.nz/damaged-vehicles/000000000007442534/2002-toyota-rav4-station-wagon?referringPage=SearchResults
Toyota,Caldina,2004,Yes,$0,"299,686",," Left Rear Damage, Right Front Damage, Right Rear Damage, Right Side Damage, Selling Registered","Automatic,",5,Petrol,https://manheim.co.nz/damaged-vehicles/000000000007442537/2004-toyota-caldina-station-wagon?referringPage=SearchResults
Ford,Laser GL,1992,No,$0,"192,767",," Left Front Damage, Structural Damage, Selling De-Registered",N/A,5,Petrol,https://manheim.co.nz/damaged-vehicles/000000000007442538/1992-ford-laser-gl-hatch?referringPage=SearchResults
BMW,523i,2011,No,$0,N/A,," Left Side Damage, Right Rear Damage, Structural Damage, Stolen & Recovered, Selling De-Registered","Automatic,",5,Petrol,https://manheim.co.nz/damaged-vehicles/000000000007442540/2011-bmw-523i-sedan?referringPage=SearchResults
Toyota,IST,2004,No,$0,N/A,," Right Front Damage, Right Side Damage, Structural Damage, Selling De-Registered","Automatic,",5,Petrol,https://manheim.co.nz/damaged-vehicles/000000000007442562/2004-toyota-ist-hatch?referringPage=SearchResults
Toyota,Wish,2013,No,$0,"96,750",," Front Damage, Rear Damage, Structural Damage, Selling De-Registered","Automatic,",7,Petrol,https://manheim.co.nz/damaged-vehicles/000000000007442563/2013-toyota-wish-station-wagon?referringPage=SearchResults
Suzuki,SX4,2009,No,$0,"148,978",," Left Front Damage, Structural Damage, Selling De-Registered","Automatic,",5,Petrol,https://manheim.co.nz/damaged-vehicles/000000000007442564/2009-suzuki-sx4-hatch?referringPage=SearchResults
Toyota,Echo,2003,Yes,$0,"363,375",," Left Front Damage, Left Side Damage, Selling Registered","Automatic,",5,Petrol,https://manheim.co.nz/damaged-vehicles/000000000007442566/2003-toyota-echo-hatch?referringPage=SearchResults
Honda,Accord,2003,No,$0,"236,273",," Left Side Damage, Structural Damage, Selling De-Registered","6spd,",5,Petrol,https://manheim.co.nz/damaged-vehicles/000000000007442567/2003-honda-accord-sedan?referringPage=SearchResults
Mazda,Demio,2007,No,$0,"88,456",," Front Damage, Structural Damage, Selling De-Registered","Automatic,",5,Petrol,https://manheim.co.nz/damaged-vehicles/000000000007442568/2007-mazda-demio-hatch?referringPage=SearchResults
Hyundai,i30,2015,No,$0,"198,596",," Front Damage, Structural Damage, Accident Damage, Selling De-Registered",N/A,N/A,Petrol,https://manheim.co.nz/damaged-vehicles/000000000007442569/2015-hyundai-i30-gd-1-8-a6-hatch?referringPage=SearchResults
Subaru,XV,2014,No,$0,N/A,," Right Rear Damage, Right Side Damage, Structural Damage, Selling De-Registered",N/A,5,Hybrid,https://manheim.co.nz/damaged-vehicles/000000000007442570/2014-subaru-xv-hybrid-hatch?referringPage=SearchResults
Ford,Falcon,2003,No,$0,"153,556",," Dismantled - Entire Vehicle, Selling De-Registered",N/A,5,Petrol,https://manheim.co.nz/damaged-vehicles/000000000007442577/2003-ford-falcon-ba-fairmont-6c-sedan?referringPage=SearchResults
Ford,Falcon,2007,No,$0,"83,597",," Dismantled - Entire Vehicle, Selling De-Registered","Automatic,",5,Petrol,https://manheim.co.nz/damaged-vehicles/000000000007442595/2007-ford-falcon-bf2-xr6-sedan-a-sedan?referringPage=SearchResults
Toyota,Caldina,2005,Yes,$0,"169,834",," Glass Broken, Ignition Damage, Left Side Damage, Right Rear Damage, Vandalised - Interior, Stolen & Recovered, Selling Registered","4spd Automatic,",5,Petrol,https://manheim.co.nz/damaged-vehicles/000000000007442597/2005-toyota-caldina-station-wagon?referringPage=SearchResults
Mazda,Axela,2006,No,$0,"151,175",," Right Side Damage, Structural Damage, Selling De-Registered","Automatic,",5,Petrol,https://manheim.co.nz/damaged-vehicles/000000000007442825/2006-mazda-axela-hatch?referringPage=SearchResults
Toyota,Corolla,2001,No,$0,"325,433",," Left Rear Damage, Rear Damage, Structural Damage, Selling De-Registered","5spd Manual,",5,Petrol,https://manheim.co.nz/damaged-vehicles/000000000007442829/2001-toyota-corolla-1-6p-xl-hatchback-5-hatch?referringPage=SearchResults
Nissan,Pulsar,2013,No,$0,"96,229",," Structural Damage, Selling De-Registered",N/A,5,Petrol,https://manheim.co.nz/damaged-vehicles/000000000007442835/2013-nissan-pulsar-st-hatch?referringPage=SearchResults
Nissan,Tiida,2006,No,$0,N/A,," Glass Broken, Ignition Damage, Structural Damage, Stolen & Recovered, Suspension Damage, Selling De-Registered",N/A,5,Petrol,https://manheim.co.nz/damaged-vehicles/000000000007442838/2006-nissan-tiida-latio-sedan?referringPage=SearchResults
Mazda,Capella,2001,Yes,$0,"116,434",," Glass Broken, Ignition Damage, Structural Damage, Stolen & Recovered, Selling Registered",N/A,5,Petrol,https://manheim.co.nz/damaged-vehicles/000000000007442839/2001-mazda-capella-sedan?referringPage=SearchResults
Toyota,Vitz,2004,No,$0,"196,590",," Front Damage, Ignition Damage, Left Rear Damage, Rear Damage, Structural Damage, Selling De-Registered","Automatic,",5,Petrol,https://manheim.co.nz/damaged-vehicles/000000000007442841/2004-toyota-vitz-hatch?referringPage=SearchResults
Toyota,Blade,2007,No,$0,"209,958",," Left Rear Damage, Right Front Damage, Right Rear Damage, Right Side Damage, Underbody Damage, Structural Damage, Selling De-Registered","Automatic,",5,Petrol,https://manheim.co.nz/damaged-vehicles/000000000007442845/2007-toyota-blade-master-hatch?referringPage=SearchResults
Mitsubishi,Triton,2011,No,$0,"358,749",," Right Side Damage, Structural Damage, Selling De-Registered","Manual,",5,Diesel,https://manheim.co.nz/damaged-vehicles/000000000007442846/2011-mitsubishi-triton-4wd-2-5d-d-cab-glx-utility?referringPage=SearchResults
Toyota,Corolla,1996,Yes,$0,"213,728",," Right Rear Damage, Selling Registered","Automatic,",5,Petrol,https://manheim.co.nz/damaged-vehicles/000000000007442850/1996-toyota-corolla-windy-hatch?referringPage=SearchResults
Toyota,Aqua,2014,No,$0,"141,650",," Roof Damage, Structural Damage, Selling De-Registered","Automatic,",5,Hybrid,https://manheim.co.nz/damaged-vehicles/000000000007442851/2014-toyota-aqua-hatch?referringPage=SearchResults
Jeep,Grand Cherokee,2010,No,$0,N/A,," Right Side Damage, Suspension Damage, Selling De-Registered","Automatic,",5,Diesel,https://manheim.co.nz/damaged-vehicles/000000000007442858/2010-jeep-grand-cherokee-ltd-3-0-crd-station-wagon?referringPage=SearchResults
Honda,fit,2005,No,$0,"145,343",," Rear Damage, Structural Damage, Selling De-Registered",N/A,5,Petrol,https://manheim.co.nz/damaged-vehicles/000000000007442866/2005-honda-fit-aria-sedan?referringPage=SearchResults
Suzuki,Swift,2007,No,$0,"142,980",," Rear Damage, Structural Damage, Selling De-Registered","Automatic,",5,Petrol,https://manheim.co.nz/damaged-vehicles/000000000007422866/2007-suzuki-swift-hatch?referringPage=SearchResults
Ford,Telstar,1997,No,$0,"204,156",," Left Rear Damage, Structural Damage, Selling De-Registered","Automatic,",5,Petrol,https://manheim.co.nz/damaged-vehicles/000000000007432862/1997-ford-telstar-2-0-contour-man-4dr-sedan?referringPage=SearchResults
Toyota,Vitz,2006,No,$0,"147,912",," Interior Damage, Left Front Damage, Rear Damage, Vandalised - Interior, Structural Damage, Selling De-Registered","4spd Automatic,",5,Petrol,https://manheim.co.nz/damaged-vehicles/000000000007442871/2006-toyota-vitz-hatch?referringPage=SearchResults
Audi,A5,2010,No,$0,"90,066",," Left Side Damage, Structural Damage, Selling De-Registered","Automatic,",4,Petrol,https://manheim.co.nz/damaged-vehicles/000000000007442875/2010-audi-a5-cabriolet-coup%C3%A9?referringPage=SearchResults
Hyundai,I30,2011,No,$0,"136,166",," Front Damage, Structural Damage, Selling De-Registered","4spd Automatic,",5,Petrol,https://manheim.co.nz/damaged-vehicles/000000000007442880/2011-hyundai-i30-hatch?referringPage=SearchResults
Peugeot,4008,2013,Yes,$0,"169,352",," Right Rear Damage, Selling Registered","Automatic,",5,Petrol,https://manheim.co.nz/damaged-vehicles/000000000007442881/2013-peugeot-4008-allure-2x4-2-0-cvt-touring?referringPage=SearchResults
Suzuki,Swift,2020,No,$0,N/A,," Airbags Deployed, Front Damage, Left Side Damage, Right Side Damage, Airbags Deployed, Structural Damage, Selling De-Registered","Automatic,",5,Petrol,https://manheim.co.nz/damaged-vehicles/000000000007442883/2020-suzuki-swift-gl-1-2p-cvt-hatch?referringPage=SearchResults
Holden,Captiva,2014,No,$0,"141,623",," Rear Damage, Structural Damage, Selling De-Registered","Automatic,",7,Petrol,https://manheim.co.nz/damaged-vehicles/000000000007442897/2014-holden-captiva-station-wagon?referringPage=SearchResults
Toyota,Vitz,2002,Yes,$0,N/A,," Glass Broken, Ignition Damage, Left Rear Damage, Selling Registered","Automatic,",5,Petrol,https://manheim.co.nz/damaged-vehicles/000000000007442898/2002-toyota-vitz-hatch?referringPage=SearchResults
Honda,Shuttle,2016,No,$0,"112,662",," Chassis Damage, Front Damage, Structural Damage, Selling De-Registered",N/A,5,Hybrid,https://manheim.co.nz/damaged-vehicles/000000000007442903/2016-honda-shuttle-station-wagon?referringPage=SearchResults
Mazda,Demio,2001,No,$0,N/A,," Front Damage, Ignition Damage, Left Side Damage, Right Side Damage, Structural Damage, Stolen & Recovered, Selling De-Registered","Automatic,",5,Petrol,https://manheim.co.nz/damaged-vehicles/000000000007442941/2001-mazda-demio-hatchback-5-dr-1-5-hatch?referringPage=SearchResults
Toyota,Prius,2015,No,$0,N/A,," Left Front Damage, Structural Damage, Selling De-Registered","Automatic,",5,Hybrid,https://manheim.co.nz/damaged-vehicles/000000000007442942/2015-toyota-prius-hybrid-hatch?referringPage=SearchResults
Toyota,Spade,2013,No,$0,"129,896",," Front Damage, Structural Damage, Selling De-Registered","Automatic,",5,Petrol,https://manheim.co.nz/damaged-vehicles/000000000007442944/2013-toyota-spade-hatch?referringPage=SearchResults
Mazda,Axela,2008,No,$0,N/A,," Roof Damage, Right Side Damage, Structural Damage, Selling De-Registered",N/A,5,Petrol,https://manheim.co.nz/damaged-vehicles/000000000007442951/2008-mazda-axela-hatch?referringPage=SearchResults
MINI,Cooper,2010,No,$0,"198,211",," Front Damage, Structural Damage, Selling De-Registered",N/A,4,Petrol,https://manheim.co.nz/damaged-vehicles/000000000007442961/2010-mini-cooper-hatch-6a-2dr-1-6i-hatch?referringPage=SearchResults
Nissan,Elgrand,2005,No,$0,N/A,," Front Damage, Left Front Damage, Right Front Damage, Structural Damage, Selling De-Registered","Automatic,",8,Petrol,https://manheim.co.nz/damaged-vehicles/000000000007442964/2005-nissan-elgrand-van?referringPage=SearchResults
Mazda,Verisa,2005,No,$0,"327,110",," Rear Damage, Structural Damage, Selling De-Registered",N/A,5,Petrol,https://manheim.co.nz/damaged-vehicles/000000000007442973/2005-mazda-verisa-hatch?referringPage=SearchResults
Toyota,Mark Saloon,2005,No,$0,N/A,," Ignition Damage, Rear Damage, Right Rear Damage, Structural Damage, Stolen & Recovered, Selling De-Registered","Automatic,",5,Petrol,https://manheim.co.nz/damaged-vehicles/000000000007442975/2005-toyota-mark-saloon-sedan?referringPage=SearchResults
Nissan,Terrano,1997,Yes,$0,"230,446",," Stolen & Recovered, Selling Registered","4spd Automatic,",5,Petrol,https://manheim.co.nz/damaged-vehicles/000000000007442978/1997-nissan-terrano-regulus-rs-r-station-wagon?referringPage=SearchResults
Nissan,Teana,2006,Yes,$0,"159,913",," Ignition Damage, Left Rear Damage, Right Front Damage, Vandalised - Interior, Stolen & Recovered, Selling Registered","Automatic,",5,Petrol,https://manheim.co.nz/damaged-vehicles/000000000007442995/2006-nissan-teana-sedan?referringPage=SearchResults
Subaru,Impreza Hatchback,2010,No,$0,N/A,," Front Damage, Rear Damage, Structural Damage, Selling De-Registered","Automatic,",5,Petrol,https://manheim.co.nz/damaged-vehicles/000000000007442998/2010-subaru-impreza-hatchback-hatch?referringPage=SearchResults
Volkswagen,Golf,2008,No,$0,N/A,," Left Front Damage, Structural Damage, Selling De-Registered","Automatic,",5,Petrol,https://manheim.co.nz/damaged-vehicles/000000000007443003/2008-volkswagen-golf-hatch?referringPage=SearchResults
Nissan,Note,2006,No,$0,N/A,," Front Damage, Rear Damage, Structural Damage, Selling De-Registered","Automatic,",5,Petrol,https://manheim.co.nz/damaged-vehicles/000000000007443008/2006-nissan-note-hatch?referringPage=SearchResults
Toyota,Aqua,2013,No,$0,"99,771",," Left Side Damage, Right Side Damage, Vandalised - Interior, Structural Damage, Stolen & Recovered, Selling De-Registered","Automatic,",5,Hybrid,https://manheim.co.nz/damaged-vehicles/000000000007443016/2013-toyota-aqua-hatch?referringPage=SearchResults
Volvo,S60 Saloon,2012,Yes,$0,"167,338",," Rear Damage, Right Side Damage, Selling Registered","Automatic,",5,Petrol,https://manheim.co.nz/damaged-vehicles/000000000007443049/2012-volvo-s60-saloon-sedan?referringPage=SearchResults
Subaru,Forester,1997,No,$0,N/A,," Ignition Damage, Left Rear Damage, Rear Damage, Right Rear Damage, Vandalised - Interior, Structural Damage, Stolen & Recovered, Selling De-Registered","5spd Manual,",5,Petrol,https://manheim.co.nz/damaged-vehicles/000000000007443063/1997-subaru-forester-station-wagon?referringPage=SearchResults
Toyota,Aqua,2015,No,$0,N/A,," Rear Damage, Structural Damage, Selling De-Registered","Automatic,",5,Hybrid,https://manheim.co.nz/damaged-vehicles/000000000007443141/2015-toyota-aqua-hatch?referringPage=SearchResults
Mazda,MAZDA2,2012,No,$0,N/A,," Interior Damage, Structural Damage, Water Damage, Selling De-Registered","Automatic,",5,Petrol,https://manheim.co.nz/damaged-vehicles/000000000007443149/2012-mazda-mazda2-sport-1-5-4at-hatch?referringPage=SearchResults
Toyota,Markx,2008,No,$0,N/A,," Front Damage, Structural Damage, Selling De-Registered","Automatic,",6,Petrol,https://manheim.co.nz/damaged-vehicles/000000000007443176/2008-toyota-markx-zio-station-wagon?referringPage=SearchResults
Mazda,MAZDA3,2004,No,$0,N/A,," Left Rear Damage, Structural Damage, Selling De-Registered","Automatic,",5,Petrol,https://manheim.co.nz/damaged-vehicles/000000000007443186/2004-mazda-mazda3-sporthatch-sp23-aut-hatch?referringPage=SearchResults
Toyota,Corolla,2007,No,$0,N/A,," Front Damage, Structural Damage, Selling De-Registered","Automatic,",5,Petrol,https://manheim.co.nz/damaged-vehicles/000000000007443208/2007-toyota-corolla-axio-sedan?referringPage=SearchResults
Toyota,Premio,2008,No,$0,"107,231",," Right Side Damage, Structural Damage, Selling De-Registered","Automatic,",5,Petrol,https://manheim.co.nz/damaged-vehicles/000000000007443213/2008-toyota-premio-sedan?referringPage=SearchResults
Nissan,Tiida Hatchback,2005,No,$0,"180,470",," Front Damage, Structural Damage, Selling De-Registered","Automatic,",5,Petrol,https://manheim.co.nz/damaged-vehicles/000000000007443220/2005-nissan-tiida-hatchback-hatch?referringPage=SearchResults
Toyota,Corolla,1995,Yes,$0,"190,842",," Glass Broken, Ignition Damage, Left Rear Damage, Vandalised - Interior, Stolen & Recovered, Selling Registered","4spd Automatic,",5,Petrol,https://manheim.co.nz/damaged-vehicles/000000000007443236/1995-toyota-corolla-sedan?referringPage=SearchResults
Toyota,Prius,2011,No,$0,"279,303",," Right Side Damage, Structural Damage, Selling De-Registered","Automatic,",5,Hybrid,https://manheim.co.nz/damaged-vehicles/000000000007443254/2011-toyota-prius-hybrid-hatch?referringPage=SearchResults
M.v. Agusta,Turismo Veloce,2017,No,$0,N/A,," Engine Damage, Water Damage, Selling De-Registered","Manual,",N/A,Petrol,https://manheim.co.nz/damaged-vehicles/000000000007443261/2017-mv-agusta-turismo-veloce-motorcycle?referringPage=SearchResults
Suzuki,Swift,2007,No,$0,"135,014",," Rear Damage, Structural Damage, Selling De-Registered","4spd Automatic,",5,Petrol,https://manheim.co.nz/damaged-vehicles/000000000007443267/2007-suzuki-swift-hatch?referringPage=SearchResults
Mazda,MAZDA6,2009,Yes,$0,"266,057",," Right Rear Damage, Selling Registered","Automatic,",5,Petrol,https://manheim.co.nz/damaged-vehicles/000000000007443283/2009-mazda-mazda6-sport-gsx-2-5-5at-hatch?referringPage=SearchResults
Suzuki,Grand Vitara,2015,No,$0,"144,223",," Front Damage, Structural Damage, Selling De-Registered","Automatic,",5,Petrol,https://manheim.co.nz/damaged-vehicles/000000000007443298/2015-suzuki-grand-vitara-wa2wdn-2-4p-4at-sw--station-wagon?referringPage=SearchResults
Mazda,Demio,2014,No,$0,"134,835",," Left Rear Damage, Left Side Damage, Structural Damage, Selling De-Registered","Automatic,",5,Petrol,https://manheim.co.nz/damaged-vehicles/000000000007443304/2014-mazda-demio-hatch?referringPage=SearchResults
Toyota,Vitz,2007,No,$0,N/A,," Right Front Damage, Right Side Damage, Structural Damage, Selling De-Registered","Automatic,",5,Petrol,https://manheim.co.nz/damaged-vehicles/000000000007443347/2007-toyota-vitz-hatch?referringPage=SearchResults
Toyota,Corolla,2012,No,$0,"206,845",," Right Front Damage, Structural Damage, Suspension Damage, Selling De-Registered","Automatic,",5,Petrol,https://manheim.co.nz/damaged-vehicles/000000000007443349/2012-toyota-corolla-1-8p-gx-hatch-5-4a-hatch?referringPage=SearchResults
Suzuki,Swift Hatchback,2007,No,$0,"178,945",," Left Side Damage, Structural Damage, Selling De-Registered","Automatic,",5,Petrol,https://manheim.co.nz/damaged-vehicles/000000000007443351/2007-suzuki-swift-hatchback-hatch?referringPage=SearchResults
Mazda,MPV,2005,No,$0,N/A,," Left Side Damage, Structural Damage, Selling De-Registered","Automatic,",7,Petrol,https://manheim.co.nz/damaged-vehicles/000000000007443352/2005-mazda-mpv-station-wagon?referringPage=SearchResults
Nissan,Dualis,2010,No,$0,"80,827",," Airbags Deployed, Left Side Damage, Rear Damage, Right Side Damage, Structural Damage, Selling De-Registered",N/A,5,Petrol,https://manheim.co.nz/damaged-vehicles/000000000007443365/2010-nissan-dualis-station-wagon?referringPage=SearchResults
Toyota,Vitz,2004,Yes,$0,"200,482",," Front Damage, Selling Registered","5spd Manual,",5,Petrol,https://manheim.co.nz/damaged-vehicles/000000000007443474/2004-toyota-vitz-hatch?referringPage=SearchResults
Nissan,Tiida,2011,No,$0,"174,537",," Right Side Damage, Structural Damage, Selling De-Registered",N/A,5,Petrol,https://manheim.co.nz/damaged-vehicles/000000000007443532/2011-nissan-tiida-1-8-petrol-hatch-st-hatch?referringPage=SearchResults
Toyota,Hilux,2016,No,N/A,N/A,," Chassis Damage, Left Side Damage, Rear Damage, Structural Damage, Selling De-Registered","Automatic,",5,Diesel,https://manheim.co.nz/damaged-vehicles/000000000007443578/2016-toyota-hilux-sr-td-dc-2-8d-4wd-6-dual-cab-utility?referringPage=SearchResults
Custom,Homebuilt,1984,No,$500,N/A,0," Front Damage, Structural Damage, Selling De-Registered",N/A,N/A,N/A,https://manheim.co.nz/damaged-vehicles/000000000007443616/1984-custom-homebuilt-caravan?referringPage=SearchResults
KTM,390,2025,No,$0,N/A,, Selling De-Registered,N/A,N/A,Petrol,https://manheim.co.nz/damaged-vehicles/000000000007433646/2025-ktm-390-duke-399p-motorcycle?referringPage=SearchResults
Suzuki,GSX250,2022,Yes,$0,N/A,," Stolen & Recovered, Selling Registered","Manual,",N/A,Petrol,https://manheim.co.nz/damaged-vehicles/000000000007443680/2022-suzuki-gsx250-frlm2-motorcycle?referringPage=SearchResults
Ford,Ranger,2016,No,N/A,"238,455",," Airbags Deployed, Underbody Damage, Structural Damage, Selling De-Registered","Automatic,",5,Diesel,https://manheim.co.nz/damaged-vehicles/000000000007443853/2016-ford-ranger-xlt-double-cab-w-s-dual-cab-utility?referringPage=SearchResults
Ford,Ranger,2007,No,$0,"173,907",," Front Damage, Left Side Damage, Structural Damage, Selling De-Registered","Automatic,",4,Diesel,https://manheim.co.nz/damaged-vehicles/000000000007424031/2007-ford-ranger-3-0td-xl-rc-c-c-4x4-utility?referringPage=SearchResults
Mazda,Demio,2013,No,$0,N/A,," Front Damage, Airbags Deployed, Structural Damage, Selling De-Registered",N/A,5,Petrol,https://manheim.co.nz/damaged-vehicles/000000000007434185/2013-mazda-demio-hatch?referringPage=SearchResults
CF Moto,Cforce 500,2023,No,$0,N/A,," Engine Damage, Gearbox Damage, Water Damage, Selling De-Registered",N/A,N/A,Petrol,https://manheim.co.nz/damaged-vehicles/000000000007424669/2023-cf-moto-cforce-500-quad-bike?referringPage=SearchResults
FORZA,Capri LX Motorcycle,2020,No,$0,"3,165",," Front Damage, Structural Damage, Stolen & Recovered, Selling De-Registered","Automatic,",N/A,Petrol,https://manheim.co.nz/damaged-vehicles/000000000007435030/2020-forza-capri-lx-motorcycle-motorcycle?referringPage=SearchResults
Holden,Captiva,2010,Yes,$0,"161,174",, Selling Registered,"5spd Manual,",5,Petrol,https://manheim.co.nz/damaged-vehicles/000000000007415141/2010-holden-captiva-5-2-4l-fwd-mt-station-wagon?referringPage=SearchResults
Kawasaki,KLE,2019,No,$0,N/A,," Structural Damage, Selling De-Registered",N/A,N/A,Petrol,https://manheim.co.nz/damaged-vehicles/000000000007425150/2019-kawasaki-kle-300c-motorcycle?referringPage=SearchResults
Volkswagen,Passat,2008,No,$0,N/A,, Selling De-Registered,N/A,5,N/A,https://manheim.co.nz/damaged-vehicles/000000000007425274/2008-volkswagen-passat-tdi-125kw-6dsg-var-station-wagon?referringPage=SearchResults
Nissan,Tiida,2004,Yes,$0,N/A,," Vandalised - Interior, Selling Registered","Automatic,",5,Petrol,https://manheim.co.nz/damaged-vehicles/000000000007425396/2004-nissan-tiida-hatch?referringPage=SearchResults
Suzuki,GW250,2015,No,$300,"52,328",," Front Damage, Stolen & Recovered, Selling De-Registered","Automatic,",N/A,Petrol,https://manheim.co.nz/damaged-vehicles/000000000007395553/2015-suzuki-gw250-inazuma-lam-motorcycle?referringPage=SearchResults
Honda,CBR,2019,No,"$1,000","16,261",," Front Damage, Right Side Damage, Structural Damage, Selling De-Registered","Automatic,",N/A,Petrol,https://manheim.co.nz/damaged-vehicles/000000000007405771/2019-honda-cbr-500-p-motorcycle?referringPage=SearchResults
Nissan,Leaf,2012,No,$0,"68,689",," Left Side Damage, Structural Damage, Selling De-Registered","Automatic, Fuel Type, Electri",5,Electric,https://manheim.co.nz/damaged-vehicles/000000000007445884/2012-nissan-leaf-zero-emission-hatch?referringPage=SearchResults
Toyota,Vanguard,2007,No,$0,N/A,," Front Damage, Left Side Damage, Structural Damage, Selling De-Registered",N/A,7,Petrol,https://manheim.co.nz/damaged-vehicles/000000000007445894/2007-toyota-vanguard-station-wagon?referringPage=SearchResults
Nissan,X-trail,2014,No,$0,N/A,," Airbags Deployed, Left Rear Damage, Right Side Damage, Structural Damage, Selling De-Registered","Automatic,",7,Petrol,https://manheim.co.nz/damaged-vehicles/000000000007445920/2014-nissan-x-trail-st-2-5p-6cvt-sw-5dr-station-wagon?referringPage=SearchResults
Volkswagen,EOS,2007,No,$0,N/A,," Interior Damage, Water Damage, Selling De-Registered","6spd Automatic,",4,Petrol,https://manheim.co.nz/damaged-vehicles/000000000007445932/2007-volkswagen-eos-3-2-v6-6dsg-coup%C3%A9?referringPage=SearchResults
Mazda,MAZDA2,2016,No,$0,N/A,," Front Damage, Structural Damage, Selling De-Registered","Automatic,",5,Petrol,https://manheim.co.nz/damaged-vehicles/000000000007445951/2016-mazda-mazda2-hatch-gsx-1-5-6at-hatch?referringPage=SearchResults
Honda,Civic,2013,No,$0,N/A,," Left Side Damage, Structural Damage, Selling De-Registered","Automatic,",5,Petrol,https://manheim.co.nz/damaged-vehicles/000000000007445953/2013-honda-civic-l-1-8p-5at-hatch?referringPage=SearchResults
Mazda,Axela,2012,No,$0,"121,454",," Interior Damage, Roof Damage, Structural Damage, Selling De-Registered","Automatic,",5,Petrol,https://manheim.co.nz/damaged-vehicles/000000000007445959/2012-mazda-axela-hatch?referringPage=SearchResults
Suzuki,GW250Z,2017,No,$0,"30,392",," Structural Damage, Selling De-Registered",N/A,N/A,Petrol,https://manheim.co.nz/damaged-vehicles/000000000007435970/2017-suzuki-gw250z-inazuma-motorcycle?referringPage=SearchResults
Mitsubishi,Diamante,2001,No,$0,"140,604",," Glass Broken, Right Front Damage, Structural Damage, Under Body Damage, Selling De-Registered","4spd Automatic,",5,Petrol,https://manheim.co.nz/damaged-vehicles/000000000007445991/2001-mitsubishi-diamante-3-5p-sei-sedan-a-sedan?referringPage=SearchResults
Subaru,Legacy,2007,No,$0,"147,940",," Right Front Damage, Structural Damage, Suspension Damage, Selling De-Registered","5spd Automatic,",5,Petrol,https://manheim.co.nz/damaged-vehicles/000000000007445993/2007-subaru-legacy-station-wagon?referringPage=SearchResults
Mazda,Demio,2010,No,$0,"146,171",," Front Damage, Glass Broken, Ignition Damage, Left Side Damage, Rear Damage, Vandalised - Interior, Structural Damage, Stolen & Recovered, Selling De-Registered",N/A,5,Petrol,https://manheim.co.nz/damaged-vehicles/000000000007446032/2010-mazda-demio-hatch?referringPage=SearchResults
Toyota,Yaris,2008,No,$0,N/A,," Right Front Damage, Structural Damage, Suspension Damage, Selling De-Registered","Automatic,",5,Petrol,https://manheim.co.nz/damaged-vehicles/000000000007446036/2008-toyota-yaris-1-3p-hatch5-4a-hatch?referringPage=SearchResults
Nissan,Navara,2000,No,$0,N/A,," Chassis Damage, Front Damage, Left Side Damage, Roof Damage, Right Side Damage, Structural Damage, Selling De-Registered","5spd Manual,",2,Diesel,https://manheim.co.nz/damaged-vehicles/000000000007446054/2000-nissan-navara-utility?referringPage=SearchResults
ANGLO,Jackson,1978,No,$600,N/A,0," Front Damage, Rear Damage, Right Side Damage, Dismantled - Interior, Underbody Damage, Selling De-Registered",N/A,N/A,N/A,https://manheim.co.nz/damaged-vehicles/000000000007436111/1978-anglo-jackson-caravan?referringPage=SearchResults
Ford,Endura,2019,No,$0,N/A,," Front Damage, Airbags Deployed, Structural Damage, Selling De-Registered","Automatic,",5,Diesel,https://manheim.co.nz/damaged-vehicles/000000000007446140/2019-ford-endura-st-line-2-0d-4wd-8a-station-wagon?referringPage=SearchResults
Honda,Edix,2005,No,$0,N/A,," Chassis Damage, Left Front Damage, Structural Damage, Selling De-Registered","Automatic,",6,Petrol,https://manheim.co.nz/damaged-vehicles/000000000007446166/2005-honda-edix-station-wagon?referringPage=SearchResults
BMW,135i Sports Car,2008,No,$0,N/A,," Water Damage, Selling De-Registered","Automatic,",4,Petrol,https://manheim.co.nz/damaged-vehicles/000000000007446168/2008-bmw-135i-sports-car-coup%C3%A9?referringPage=SearchResults
Subaru,Legacy,2002,No,$0,N/A,," Front Damage, Ignition Damage, Left Front Damage, Stolen & Recovered, Selling De-Registered",N/A,5,Petrol,https://manheim.co.nz/damaged-vehicles/000000000007446169/2002-subaru-legacy-gt30-station-wagon?referringPage=SearchResults
Toyota,Corolla,2011,Yes,$0,"266,235",," Front Damage, Left Side Damage, Right Rear Damage, Selling Registered","Automatic,",5,Petrol,https://manheim.co.nz/damaged-vehicles/000000000007446212/2011-toyota-corolla-1-8p-gx-hatch-5-4a-hatch?referringPage=SearchResults
Nissan,Bluebird,2006,No,$0,"130,785",," Left Rear Damage, Structural Damage, Selling De-Registered","Automatic,",5,Petrol,https://manheim.co.nz/damaged-vehicles/000000000007446215/2006-nissan-bluebird-sylphy-sedan?referringPage=SearchResults
Nissan,Micra,2013,No,$0,"104,205",," Left Side Damage, Structural Damage, Selling De-Registered",N/A,5,Petrol,https://manheim.co.nz/damaged-vehicles/000000000007446219/2013-nissan-micra-st-l-hatch?referringPage=SearchResults
Toyota,Auris,2007,No,$0,N/A,," Chassis Damage, Front Damage, Structural Damage, Selling De-Registered",N/A,5,Petrol,https://manheim.co.nz/damaged-vehicles/000000000007446241/2007-toyota-auris-hatch?referringPage=SearchResults
Ford,Fiesta,2015,No,$0,"116,031",," Right Front Damage, Right Side Damage, Structural Damage, Selling De-Registered","5spd,",5,Petrol,https://manheim.co.nz/damaged-vehicles/000000000007446242/2015-ford-fiesta-hatch?referringPage=SearchResults
MORRIS,1000,1961,No,$0,"81,682",," Front Damage, Structural Damage, Selling De-Registered",N/A,N/A,N/A,https://manheim.co.nz/damaged-vehicles/000000000007446245/1961-morris-1000-sedan?referringPage=SearchResults
Volkswagen,Tiguan,2012,No,$0,"160,792",," Left Front Damage, Right Front Damage, Right Rear Damage, Right Side Damage, Structural Damage, Selling De-Registered","Automatic,",5,Petrol,https://manheim.co.nz/damaged-vehicles/000000000007446247/2012-volkswagen-tiguan-station-wagon?referringPage=SearchResults
Toyota,Markx,2007,Yes,$0,"133,205",," Left Front Damage, Left Rear Damage, Vandalised - Interior, Selling Registered","Automatic,",5,Petrol,https://manheim.co.nz/damaged-vehicles/000000000007446249/2007-toyota-markx-sedan?referringPage=SearchResults
Subaru,Legacy,2008,No,$0,"166,642",," Left Rear Damage, Structural Damage, Selling De-Registered","Automatic,",5,Petrol,https://manheim.co.nz/damaged-vehicles/000000000007446260/2008-subaru-legacy-b4-sedan?referringPage=SearchResults
Honda,fit,2007,Yes,$0,"155,659",," Front Damage, Selling Registered","4spd Automatic,",5,Petrol,https://manheim.co.nz/damaged-vehicles/000000000007446267/2007-honda-fit-hatch?referringPage=SearchResults
Mercedes-Benz,C200,2011,Yes,$0,"115,328",," Front Damage, Selling Registered","Automatic,",5,Petrol,https://manheim.co.nz/damaged-vehicles/000000000007436261/2011-mercedes-benz-c200-sedan?referringPage=SearchResults
Toyota,Corolla,2013,No,$0,"213,431",," Right Side Damage, Structural Damage, Selling De-Registered",N/A,5,Petrol,https://manheim.co.nz/damaged-vehicles/000000000007446270/2013-toyota-corolla-fielder-station-wagon?referringPage=SearchResults
Subaru,Forester,2005,No,$0,"230,541",," Ignition Damage, Left Front Damage, Left Rear Damage, Right Front Damage, Right Rear Damage, Vandalised - Interior, Structural Damage, Stolen & Recovered, Suspension Damage, Selling De-Registered","Automatic,",5,Petrol,https://manheim.co.nz/damaged-vehicles/000000000007446289/2005-subaru-forester-station-wagon?referringPage=SearchResults
Holden,Trax,2015,No,$0,N/A,," Front Damage, Left Front Damage, Left Side Damage, Structural Damage","Automatic,",5,Petrol,https://manheim.co.nz/damaged-vehicles/000000000007436286/2015-holden-trax-ltz-1-4p-6at-sw-4dr-station-wagon?referringPage=SearchResults
Toyota,Alphard,2007,No,$0,N/A,," Front Damage, Rear Damage, Structural Damage, Selling De-Registered",N/A,8,Petrol,https://manheim.co.nz/damaged-vehicles/000000000007446290/2007-toyota-alphard-station-wagon?referringPage=SearchResults
Suzuki,Swift,2008,No,$0,N/A,," Right Rear Damage, Structural Damage, Selling De-Registered",N/A,5,Petrol,https://manheim.co.nz/damaged-vehicles/000000000007446292/2008-suzuki-swift-hatch?referringPage=SearchResults
Hyundai,Elantra,2016,No,$0,"210,060",," Front Damage, Structural Damage, Selling De-Registered",N/A,N/A,Petrol,https://manheim.co.nz/damaged-vehicles/000000000007446293/2016-hyundai-elantra-sedan?referringPage=SearchResults
Nissan,NV200,2011,No,$0,N/A,," Rear Damage, Structural Damage, Selling De-Registered",N/A,2,Petrol,https://manheim.co.nz/damaged-vehicles/000000000007446294/2011-nissan-nv200-van?referringPage=SearchResults
Mazda,CX-5,2013,No,$0,"141,924",," Right Front Damage, Structural Damage, Selling De-Registered","4spd Automatic,",5,Diesel,https://manheim.co.nz/damaged-vehicles/000000000007446295/2013-mazda-cx-5-station-wagon?referringPage=SearchResults
Toyota,Vanguard,2009,No,$0,N/A,," Front Damage, Rear Damage, Right Side Damage, Structural Damage, Selling De-Registered","5spd Automatic,",7,Petrol,https://manheim.co.nz/damaged-vehicles/000000000007446297/2009-toyota-vanguard-station-wagon?referringPage=SearchResults
Yamaha,MT03LA,2022,No,$0,"3,087",," Structural Damage, Selling De-Registered",N/A,N/A,Petrol,https://manheim.co.nz/damaged-vehicles/000000000007446298/2022-yamaha-mt03la-n-motorcycle?referringPage=SearchResults
Mazda,Demio,2009,No,$0,N/A,," Left Side Damage, Rear Damage, Structural Damage, Selling De-Registered","Automatic,",5,Petrol,https://manheim.co.nz/damaged-vehicles/000000000007446313/2009-mazda-demio-hatch?referringPage=SearchResults
Audi,A4,2014,No,$0,"89,077",," Underbody Damage, Structural Damage, Selling De-Registered","Automatic,",5,Petrol,https://manheim.co.nz/damaged-vehicles/000000000007446324/2014-audi-a4-sedan?referringPage=SearchResults
Mazda,Biante,2014,No,$0,N/A,," Front Damage, Left Front Damage, Right Front Damage, Structural Damage, Selling De-Registered","Automatic,",8,Petrol,https://manheim.co.nz/damaged-vehicles/000000000007446327/2014-mazda-biante-station-wagon?referringPage=SearchResults
TRAILER,Ifor Williams TA510,2025,No,"$5,500",N/A,," Left Front Damage, Left Rear Damage, Right Front Damage",N/A,N/A,N/A,https://manheim.co.nz/damaged-vehicles/000000000007446329/2025-trailer-ifor-williams-ta510-livestock-trailer?referringPage=SearchResults
Toyota,Camry,2015,Yes,$0,N/A,," Front Damage, Stolen & Recovered, Selling Registered","4spd Automatic,",5,Hybrid,https://manheim.co.nz/damaged-vehicles/000000000007396445/2015-toyota-camry-gl-2-5ph-cvt-sl-4dr-sedan?referringPage=SearchResults
Suzuki,Swift,2005,No,$0,N/A,," Front Damage, Structural Damage, Selling De-Registered",N/A,5,Petrol,https://manheim.co.nz/damaged-vehicles/000000000007446507/2005-suzuki-swift-hatch?referringPage=SearchResults
Land Rover,Discovery,2006,No,$0,N/A,," Left Front Damage, Left Side Damage, Structural Damage, Selling De-Registered",N/A,7,Diesel,https://manheim.co.nz/damaged-vehicles/000000000007446529/2006-land-rover-discovery-2-7d-6a-5d-suv-station-wagon?referringPage=SearchResults
Hyundai,I30,2010,No,$0,"148,242",," Front Damage, Left Side Damage, Structural Damage, Selling De-Registered",N/A,5,Petrol,https://manheim.co.nz/damaged-vehicles/000000000007446534/2010-hyundai-i30-wagon-1-6-a4-station-wagon?referringPage=SearchResults
Volkswagen,Golf,2009,No,$0,"229,331",," Front Damage, Left Front Damage, Structural Damage, Selling De-Registered",N/A,5,Petrol,https://manheim.co.nz/damaged-vehicles/000000000007446536/2009-volkswagen-golf-hatch?referringPage=SearchResults
Ford,Falcon,2007,No,$0,N/A,," Structural Damage, Stolen & Recovered, Selling De-Registered","Automatic,",5,Petrol,https://manheim.co.nz/damaged-vehicles/000000000007446539/2007-ford-falcon-sedan?referringPage=SearchResults
Suzuki,DR,2000,No,$0,"16,822",," Front Damage, Structural Damage, Selling De-Registered",N/A,N/A,N/A,https://manheim.co.nz/damaged-vehicles/000000000007446540/2000-suzuki-dr-motorcycle?referringPage=SearchResults
Holden,Cruze,2013,No,$0,"201,236",," Rear Damage, Structural Damage, Selling De-Registered","Automatic,",5,Petrol,https://manheim.co.nz/damaged-vehicles/000000000007446560/2013-holden-cruze-cdx-wgn-1-8-at-station-wagon?referringPage=SearchResults
Holden,Barina,2015,No,$0,N/A,," Right Front Damage, Right Rear Damage, Structural Damage, Selling De-Registered","Automatic,",5,Petrol,https://manheim.co.nz/damaged-vehicles/000000000007446567/2015-holden-barina-cd-1-6p-6at-sl-4dr--sedan?referringPage=SearchResults
Toyota,Corolla,2004,Yes,$0,"162,743",," Front Damage, Left Rear Damage, Selling Registered","Automatic,",5,Petrol,https://manheim.co.nz/damaged-vehicles/000000000007446569/2004-toyota-corolla-runx-hatch?referringPage=SearchResults
Ford,Courier,2004,No,$0,N/A,," Structural Damage, Stolen & Recovered, Salt Water Damage, Selling De-Registered","Manual,",N/A,Diesel,https://manheim.co.nz/damaged-vehicles/000000000007446580/2004-ford-courier-xlt-utility?referringPage=SearchResults
Suzuki,Swift,2013,No,$0,"189,484",," Rear Damage, Structural Damage, Selling De-Registered",N/A,5,Petrol,https://manheim.co.nz/damaged-vehicles/000000000007446622/2013-suzuki-swift-hatch?referringPage=SearchResults
Suzuki,Swift,2013,No,$0,N/A,," Front Damage, Rear Damage, Structural Damage, Selling De-Registered","Automatic,",5,Petrol,https://manheim.co.nz/damaged-vehicles/000000000007446625/2013-suzuki-swift-hatch?referringPage=SearchResults
Hyundai,I30,2009,No,$0,N/A,," Rear Damage, Structural Damage, Selling De-Registered","Automatic,",5,Diesel,https://manheim.co.nz/damaged-vehicles/000000000007446628/2009-hyundai-i30-1-6-crdi-elite-a4-sedan?referringPage=SearchResults
Mercedes-Benz,SLK 200,2006,No,$0,"70,169",," Right Front Damage, Airbags Deployed, Structural Damage, Suspension Damage, Selling De-Registered","Automatic,",2,Petrol,https://manheim.co.nz/damaged-vehicles/000000000007446629/2006-mercedes-benz-slk-200-coup%C3%A9?referringPage=SearchResults
Mazda,Atenza,2007,No,$0,"182,557",," Front Damage, Structural Damage, Stolen & Recovered, Selling De-Registered","Automatic,",5,Petrol,https://manheim.co.nz/damaged-vehicles/000000000007446651/2007-mazda-atenza-station-wagon?referringPage=SearchResults
Nissan,Tiida,2007,No,$0,"280,044",," Left Front Damage, Rear Damage, Structural Damage, Selling De-Registered","4spd Automatic,",5,Petrol,https://manheim.co.nz/damaged-vehicles/000000000007446652/2007-nissan-tiida-hatch?referringPage=SearchResults
Toyota,Prius,2014,No,$0,"241,783",," Front Damage, Left Side Damage, Structural Damage, Selling De-Registered","Automatic,",5,Hybrid,https://manheim.co.nz/damaged-vehicles/000000000007446654/2014-toyota-prius-hatch?referringPage=SearchResults
Mazda,MAZDA3,2013,No,$0,"193,514",," Front Damage, Structural Damage, Selling De-Registered",N/A,N/A,Petrol,https://manheim.co.nz/damaged-vehicles/000000000007446656/2013-mazda-mazda3-hatch?referringPage=SearchResults
Mazda,Demio,2007,Yes,$0,"106,383",," Front Damage, Glass Broken, Ignition Damage, Left Rear Damage, Left Side Damage, Vandalised - Interior, Stolen & Recovered, Selling Registered","Automatic,",5,Petrol,https://manheim.co.nz/damaged-vehicles/000000000007446660/2007-mazda-demio-hatch?referringPage=SearchResults
Mazda,Atenza,2007,Yes,$0,"218,726",," Glass Broken, Ignition Damage, Stolen & Recovered, Selling Registered",N/A,5,Petrol,https://manheim.co.nz/damaged-vehicles/000000000007446681/2007-mazda-atenza-sedan?referringPage=SearchResults
Subaru,ACE,1992,No,$0,"18,682",," Left Side Damage, Structural Damage, Selling De-Registered",N/A,4,Petrol,https://manheim.co.nz/damaged-vehicles/000000000007446683/1992-subaru-ace-sedan?referringPage=SearchResults
Suzuki,SV650S,2007,No,$0,N/A,," Left Side Damage, Structural Damage, Stolen & Recovered, Selling De-Registered","Automatic,",N/A,Petrol,https://manheim.co.nz/damaged-vehicles/000000000007446685/2007-suzuki-sv650s-k6-motorcycle?referringPage=SearchResults
BMW,130i,2009,No,$0,"128,325",," Front Damage, Structural Damage, Selling De-Registered",N/A,N/A,Petrol,https://manheim.co.nz/damaged-vehicles/000000000007446690/2009-bmw-130i-hatch?referringPage=SearchResults
Toyota,Echo,2005,No,$0,N/A,," Chassis Damage, Engine Damage, Front Damage, Structural Damage, Selling De-Registered","Automatic,",5,Petrol,https://manheim.co.nz/damaged-vehicles/000000000007446712/2005-toyota-echo-hatch?referringPage=SearchResults
Toyota,Corolla 1.8P GX Hatch 5 4A HA,2010,No,$0,N/A,," Front Damage, Structural Damage, Selling De-Registered","Automatic,",5,Petrol,https://manheim.co.nz/damaged-vehicles/000000000007446713/2010-toyota-corolla-1-8p-gx-hatch-5-4a-ha-hatch?referringPage=SearchResults
Nissan,Note,2005,No,$0,N/A,," Left Front Damage, Rear Damage, Structural Damage, Selling De-Registered","Automatic,",5,Petrol,https://manheim.co.nz/damaged-vehicles/000000000007446715/2005-nissan-note-hatch?referringPage=SearchResults
Honda,Odyssey,2005,No,$0,N/A,," Front Damage, Structural Damage, Selling De-Registered","Automatic,",7,Petrol,https://manheim.co.nz/damaged-vehicles/000000000007446807/2005-honda-odyssey-station-wagon?referringPage=SearchResults
Subaru,Outback L L Bean Station Wago,2005,No,$0,N/A,," Left Front Damage, Suspension Damage, Selling De-Registered","Automatic,",5,Petrol,https://manheim.co.nz/damaged-vehicles/000000000007446852/2005-subaru-outback-l-l-bean-station-wago-station-wagon?referringPage=SearchResults
LIFAN,LF3000,2023,No,$0,"7,793",," Structural Damage, Selling De-Registered","Automatic, Drive Type, Front Wheel Drive, Fuel Type, Electri",N/A,Electric,https://manheim.co.nz/damaged-vehicles/000000000007446863/2023-lifan-lf3000-dt-e4-scooter?referringPage=SearchResults
Toyota,Blade,2007,No,$0,N/A,," Rear Damage, Structural Damage, Selling De-Registered","Automatic,",5,Petrol,https://manheim.co.nz/damaged-vehicles/000000000007446868/2007-toyota-blade-hatch?referringPage=SearchResults
Toyota,Aqua,2013,No,$0,N/A,," Right Rear Damage, Structural Damage, Selling De-Registered",N/A,N/A,Hybrid,https://manheim.co.nz/damaged-vehicles/000000000007446879/2013-toyota-aqua-hatch?referringPage=SearchResults
Audi,A4,2013,No,$0,"58,866",," Rear Damage, Structural Damage, Selling De-Registered","Automatic,",5,Petrol,https://manheim.co.nz/damaged-vehicles/000000000007446882/2013-audi-a4-sedan?referringPage=SearchResults
Subaru,Outback,2015,No,$0,"136,964",," Interior Damage, Left Front Damage, Water Damage, Selling De-Registered","Automatic,",5,Petrol,https://manheim.co.nz/damaged-vehicles/000000000007446886/2015-subaru-outback-station-wagon?referringPage=SearchResults
Kia,RIO,2009,No,$0,N/A,," Rear Damage, Structural Damage, Selling De-Registered","Automatic,",5,Diesel,https://manheim.co.nz/damaged-vehicles/000000000007446889/2009-kia-rio-1-5-diesel-hatch-ma-hatch?referringPage=SearchResults
Toyota,Corolla,2014,No,$0,N/A,," Repossed Vehicle, Right Side Damage, Selling De-Registered",N/A,5,Hybrid,https://manheim.co.nz/damaged-vehicles/000000000007426880/2014-toyota-corolla-fielder-hybrid-station-wagon?referringPage=SearchResults
Mitsubishi,Outlander,2021,No,$0,N/A,," Front Damage, Airbags Deployed, Structural Damage, Selling De-Registered","CVT,",7,Petrol,https://manheim.co.nz/damaged-vehicles/000000000007446906/2021-mitsubishi-outlander-ls-2-4p-cvt-station-wagon?referringPage=SearchResults
Peugeot,308,2023,No,$0,"49,255",," Front Damage, Left Front Damage, Structural Damage, Selling De-Registered","Automatic,",5,Hybrid,https://manheim.co.nz/damaged-vehicles/000000000007446912/2023-peugeot-308-hatch?referringPage=SearchResults
Mitsubishi,Outlander,2005,No,$0,"222,179",," Rear Damage, Structural Damage, Selling De-Registered",N/A,5,Petrol,https://manheim.co.nz/damaged-vehicles/000000000007416930/2005-mitsubishi-outlander-station-wagon?referringPage=SearchResults
Nissan,Wingroad,2006,Yes,$0,N/A,," Front Damage, Ignition Damage, Rear Damage, Selling Registered","Automatic,",5,Petrol,https://manheim.co.nz/damaged-vehicles/000000000007446957/2006-nissan-wingroad-station-wagon?referringPage=SearchResults
Mahindra,XUV,2017,No,$0,N/A,," Chassis Damage, Rear Damage, Right Front Damage, Structural Damage, Selling De-Registered",N/A,N/A,Diesel,https://manheim.co.nz/damaged-vehicles/000000000007446961/2017-mahindra-xuv-station-wagon?referringPage=SearchResults
Toyota,Platz,2004,No,$0,"130,931",," Front Damage, Left Front Damage, Left Rear Damage, Structural Damage, Selling De-Registered","Automatic,",5,Petrol,https://manheim.co.nz/damaged-vehicles/000000000007446965/2004-toyota-platz-sedan?referringPage=SearchResults
Nissan,Maxima,2007,No,$0,"236,407",," Left Side Damage, Right Rear Damage, Structural Damage, Selling De-Registered","Automatic,",5,Petrol,https://manheim.co.nz/damaged-vehicles/000000000007446970/2007-nissan-maxima-3-5-petrol-ti-lthr-sedan?referringPage=SearchResults
Suzuki,Solio,2006,No,$0,"134,581",," Right Front Damage, Structural Damage, Selling De-Registered","Automatic,",5,Petrol,https://manheim.co.nz/damaged-vehicles/000000000007446976/2006-suzuki-solio-station-wagon?referringPage=SearchResults
Honda,CRV,2012,No,$0,N/A,," Left Front Damage, Structural Damage, Selling De-Registered",N/A,5,Petrol,https://manheim.co.nz/damaged-vehicles/000000000007436978/2012-honda-crv-hatch?referringPage=SearchResults
Nissan,Juke,2010,No,$0,N/A,," Right Front Damage, Structural Damage, Suspension Damage, Selling De-Registered",N/A,5,Petrol,https://manheim.co.nz/damaged-vehicles/000000000007446992/2010-nissan-juke-hatch?referringPage=SearchResults
Skoda,Superb,2016,No,$0,N/A,," Front Damage, Structural Damage, Suspension Damage, Selling De-Registered","5spd Automatic,",5,Petrol,https://manheim.co.nz/damaged-vehicles/000000000007446995/2016-skoda-superb-station-wagon?referringPage=SearchResults
Husqvarna,TE250I,2019,No,$0,N/A,," Structural Damage, Selling De-Registered","5spd Automatic, Drive Type, Rear Wheel Drive, Fuel Type, Petro",N/A,Petrol,https://manheim.co.nz/damaged-vehicles/000000000007446996/2019-husqvarna-te250i-motorcycle?referringPage=SearchResults
Triumph,Bonneville,2014,No,$0,N/A,," Left Side Damage, Structural Damage, Selling De-Registered","Manual,",N/A,Petrol,https://manheim.co.nz/damaged-vehicles/000000000007447000/2014-triumph-bonneville-motorcycle?referringPage=SearchResults
Toyota,Prius,2009,Yes,$0,N/A,," Front Damage, Selling Registered","Automatic,",5,Hybrid,https://manheim.co.nz/damaged-vehicles/000000000007447005/2009-toyota-prius-hatch?referringPage=SearchResults
Toyota,Prius,2015,No,$0,N/A,," Front Damage, Structural Damage, Under Body Damage, Selling De-Registered","Automatic,",5,Hybrid,https://manheim.co.nz/damaged-vehicles/000000000007447011/2015-toyota-prius-hybrid-hatch?referringPage=SearchResults
Toyota,Prius,2012,No,$0,N/A,," Left Front Damage, Structural Damage, Selling De-Registered","Automatic,",5,Hybrid,https://manheim.co.nz/damaged-vehicles/000000000007447017/2012-toyota-prius-hybrid-hatch?referringPage=SearchResults
Suzuki,SX4 GLXFCB2 2.0 5DR Ltd Hatch,2012,No,$0,"79,198",," Right Front Damage, Structural Damage, Selling De-Registered","Automatic,",5,Petrol,https://manheim.co.nz/damaged-vehicles/000000000007437019/2012-suzuki-sx4-glxfcb2-2-0-5dr-ltd-hatch-hatch?referringPage=SearchResults
Mitsubishi,RVR,2011,Yes,$0,"173,479",," Ignition Damage, Stolen & Recovered, Selling Registered","Automatic,",5,Petrol,https://manheim.co.nz/damaged-vehicles/000000000007447026/2011-mitsubishi-rvr-station-wagon?referringPage=SearchResults
Toyota,Aqua,2013,No,$0,"185,015",," Front Damage, Structural Damage, Selling De-Registered","Automatic,",5,Hybrid,https://manheim.co.nz/damaged-vehicles/000000000007447043/2013-toyota-aqua-hatch?referringPage=SearchResults
Mitsubishi,Outlander,2006,Yes,$0,"242,774",," Front Damage, Left Front Damage, Right Front Damage, Selling Registered","Automatic,",5,Petrol,https://manheim.co.nz/damaged-vehicles/000000000007427066/2006-mitsubishi-outlander-2-4p-awd-ls-wagon-station-wagon?referringPage=SearchResults
Suzuki,SV650,2023,No,$0,1,," Rear Damage, Structural Damage, Selling De-Registered","Automatic,",N/A,Petrol,https://manheim.co.nz/damaged-vehicles/000000000007417184/2023-suzuki-sv650-am3-abs-motorcycle?referringPage=SearchResults
Ford,Mondeo,2012,No,$0,"196,821",," Front Damage, Left Front Damage, Structural Damage, Selling De-Registered","Automatic,",5,Petrol,https://manheim.co.nz/damaged-vehicles/000000000007447189/2012-ford-mondeo-2-3p-auto-hatch?referringPage=SearchResults
Holden,Cruze,2011,No,$0,"223,965",," Right Side Damage, Structural Damage, Selling De-Registered","Automatic,",5,Diesel,https://manheim.co.nz/damaged-vehicles/000000000007447191/2011-holden-cruze-cdx-2-0td-at-sedan?referringPage=SearchResults
Nissan,Tiida,2008,No,$0,"247,433",," Rear Damage, Structural Damage, Selling De-Registered","Automatic,",5,Petrol,https://manheim.co.nz/damaged-vehicles/000000000007447200/2008-nissan-tiida-hatch?referringPage=SearchResults
Suzuki,SX4,2008,Yes,$0,"180,875",," Left Front Damage, Right Front Damage, Selling Registered","Automatic,",5,Petrol,https://manheim.co.nz/damaged-vehicles/000000000007447221/2008-suzuki-sx4-hatch?referringPage=SearchResults
Mitsubishi,FTO,1995,No,$0,N/A,," Front Damage, Structural Damage, Selling De-Registered","Automatic,",4,Petrol,https://manheim.co.nz/damaged-vehicles/000000000007447228/1995-mitsubishi-fto-gpx-sedan?referringPage=SearchResults
Toyota,Aqua,2013,No,$0,N/A,," Rear Damage, Right Side Damage, Structural Damage, Selling De-Registered",N/A,5,Hybrid,https://manheim.co.nz/damaged-vehicles/000000000007447229/2013-toyota-aqua-hybrid-hatch?referringPage=SearchResults
Mitsubishi,Airtrek,2005,No,$0,"116,765",," Chassis Damage, Left Side Damage, Right Front Damage, Structural Damage, Suspension Damage, Selling De-Registered","4spd Automatic,",5,Petrol,https://manheim.co.nz/damaged-vehicles/000000000007447248/2005-mitsubishi-airtrek-2-4p-awd-ls-wagon-a-station-wagon?referringPage=SearchResults
Mitsubishi,Lancer,2007,Yes,$0,"214,042",," Glass Broken, Ignition Damage, Left Rear Damage, Vandalised - Interior, Selling Registered",N/A,5,Petrol,https://manheim.co.nz/damaged-vehicles/000000000007447382/2007-mitsubishi-lancer-2-4p-es-wagon-a-station-wagon?referringPage=SearchResults
Yamaha,TTR110E,2024,No,$0,N/A,," Structural Damage, Selling De-Registered",Automati,N/A,N/A,https://manheim.co.nz/damaged-vehicles/000000000007437382/2024-yamaha-ttr110e-motorcycle?referringPage=SearchResults
Suzuki,Swift,2008,No,$0,"152,633",," Engine Damage, Structural Damage, Under Body Damage, Selling De-Registered",N/A,5,Petrol,https://manheim.co.nz/damaged-vehicles/000000000007447399/2008-suzuki-swift-hatch?referringPage=SearchResults
Nissan,Wingroad,2011,No,$0,"177,593",," Front Damage, Left Front Damage, Structural Damage, Selling De-Registered","Automatic,",5,Petrol,https://manheim.co.nz/damaged-vehicles/000000000007427417/2011-nissan-wingroad-station-wagon?referringPage=SearchResults
Mazda,MAZDA3,2017,No,$0,"119,037",," Front Damage, Right Side Damage, Structural Damage, Selling De-Registered",N/A,5,Petrol,https://manheim.co.nz/damaged-vehicles/000000000007447564/2017-mazda-mazda3-glx-2-0p-6at-hatch?referringPage=SearchResults
Suzuki,Swift,2012,No,$0,"84,806",," Rear Damage, Structural Damage, Selling De-Registered",N/A,N/A,Petrol,https://manheim.co.nz/damaged-vehicles/000000000007447735/2012-suzuki-swift-hatch?referringPage=SearchResults
Toyota,Aqua,2017,No,$0,"148,971",," Front Damage, Left Front Damage, Left Rear Damage, Right Front Damage, Vandalised - Interior, Structural Damage, Selling De-Registered","Automatic,",5,Hybrid,https://manheim.co.nz/damaged-vehicles/000000000007448069/2017-toyota-aqua-hatch?referringPage=SearchResults
Ford,Transit,2016,No,N/A,"396,110",," Rear Damage, Right Side Damage, Structural Damage, Selling De-Registered",N/A,3,Diesel,https://manheim.co.nz/damaged-vehicles/000000000007438231/2016-ford-transit-350l-lwb-van-2-2d-6-high-roof-van?referringPage=SearchResults
Suzuki,GSX250,2019,No,$200,N/A,," Ignition Damage, Structural Damage, Stolen & Recovered, Selling De-Registered","Automatic,",N/A,Petrol,https://manheim.co.nz/damaged-vehicles/000000000007418278/2019-suzuki-gsx250-rza-motorcycle?referringPage=SearchResults
Vespa,Sprint,2015,No,$0,"14,254",," Front Damage, Structural Damage, Selling De-Registered","Automatic,",N/A,Petrol,https://manheim.co.nz/damaged-vehicles/000000000007418315/2015-vespa-sprint-125-scooter?referringPage=SearchResults
Mazda,Axela,2009,No,$0,"105,966",," Front Damage, Airbags Deployed, Structural Damage, Selling De-Registered","Automatic,",5,Petrol,https://manheim.co.nz/damaged-vehicles/000000000007448347/2009-mazda-axela-sedan?referringPage=SearchResults
Subaru,Legacy,2001,No,$0,N/A,," Front Damage, Rear Damage, Structural Damage, Selling De-Registered","Automatic,",5,Petrol,https://manheim.co.nz/damaged-vehicles/000000000007418482/2001-subaru-legacy-station-wagon?referringPage=SearchResults
Mazda,Bongo,2008,Yes,$0,"176,784",, Selling Registered,N/A,3,Petrol,https://manheim.co.nz/damaged-vehicles/000000000007418610/2008-mazda-bongo-van?referringPage=SearchResults
Kawasaki,ex,2008,Yes,$0,"25,656",," Right Side Damage, Selling Registered","Manual,",N/A,Petrol,https://manheim.co.nz/damaged-vehicles/000000000007438776/2008-kawasaki-ex-250j-motorcycle?referringPage=SearchResults
Toyota,Aqua,2012,No,$0,"136,845",," Right Side Damage, Structural Damage, Selling De-Registered","Automatic,",5,Hybrid,https://manheim.co.nz/damaged-vehicles/000000000007428871/2012-toyota-aqua-hatch?referringPage=SearchResults
Holden,Commodore,2004,No,$0,"299,615",," Front Damage, Structural Damage, Selling De-Registered",N/A,5,Petrol,https://manheim.co.nz/damaged-vehicles/000000000007429154/2004-holden-commodore-s-v6-auto-sedan?referringPage=SearchResults
Mazda,Atenza,2008,Yes,$0,1,, Selling Registered,"Automatic,",5,Petrol,https://manheim.co.nz/damaged-vehicles/000000000007439189/2008-mazda-atenza-station-wagon?referringPage=SearchResults
Mercedes-Benz,CLS 500,2005,Yes,$0,"102,319",, Selling Registered,"Automatic,",4,Petrol,https://manheim.co.nz/damaged-vehicles/000000000007439193/2005-mercedes-benz-cls-500-sedan?referringPage=SearchResults
Toyota,Hilux,1989,No,$0,"251,888",, Selling De-Registered,"5spd Manual,",5,Diesel,https://manheim.co.nz/damaged-vehicles/000000000007439264/1989-toyota-hilux-surf-station-wagon?referringPage=SearchResults
Toyota,Harrier,2006,No,$0,"158,912",," Left Side Damage, Structural Damage, Selling De-Registered","Automatic,",5,Petrol,https://manheim.co.nz/damaged-vehicles/000000000007429475/2006-toyota-harrier-station-wagon?referringPage=SearchResults
Toyota,Harrier,2006,No,$0,"311,982",," Water Damage, Selling De-Registered","Automatic,",5,Petrol,https://manheim.co.nz/damaged-vehicles/000000000007429705/2006-toyota-harrier-station-wagon?referringPage=SearchResults
Mitsubishi,Outlander,2009,No,$0,"145,175",,N/A,N/A,7,Petrol,https://manheim.co.nz/damaged-vehicles/000000000007439790/2009-mitsubishi-outlander-station-wagon?referringPage=SearchResults
MG,ZS,2023,No,$0,N/A,," Airbags Deployed, Front Damage, Airbags Deployed, Structural Damage, Selling De-Registered",N/A,5,Electric,https://manheim.co.nz/damaged-vehicles/000000000007439806/2023-mg-zs-ev-51kwh-ev-at-station-wagon?referringPage=SearchResults
Suzuki,GSX150,2019,No,$0,N/A,," Front Damage, Structural Damage, Selling De-Registered","Automatic,",N/A,Petrol,https://manheim.co.nz/damaged-vehicles/000000000007419860/2019-suzuki-gsx150-dxa-gixxer-motorcycle?referringPage=SearchResults
